客户名称, 电话, 地址, 备注, QQ
杜凯5,17869653241,姑苏咖喱盖饭525,股份公司对反攻倒算2525,52252699595
杜凯6,17869653242,姑苏咖喱盖饭526,股份公司对反攻倒算2526,52252699596
杜凯7,17869653243,姑苏咖喱盖饭527,股份公司对反攻倒算2527,52252699597
杜凯8,17869653244,姑苏咖喱盖饭528,股份公司对反攻倒算2528,52252699598
杜凯9,17869653245,姑苏咖喱盖饭529,股份公司对反攻倒算2529,52252699599
杜凯10,17869653246,姑苏咖喱盖饭530,股份公司对反攻倒算2530,52252699600
杜凯11,17869653247,姑苏咖喱盖饭531,股份公司对反攻倒算2531,52252699601
杜凯12,17869653248,姑苏咖喱盖饭532,股份公司对反攻倒算2532,52252699602
杜凯13,17869653249,姑苏咖喱盖饭533,股份公司对反攻倒算2533,52252699603
杜凯14,17869653250,姑苏咖喱盖饭534,股份公司对反攻倒算2534,52252699604
杜凯15,17869653251,姑苏咖喱盖饭535,股份公司对反攻倒算2535,52252699605
杜凯16,17869653252,姑苏咖喱盖饭536,股份公司对反攻倒算2536,52252699606
杜凯17,17869653253,姑苏咖喱盖饭537,股份公司对反攻倒算2537,52252699607
杜凯18,17869653254,姑苏咖喱盖饭538,股份公司对反攻倒算2538,52252699608
杜凯19,17869653255,姑苏咖喱盖饭539,股份公司对反攻倒算2539,52252699609
杜凯20,17869653256,姑苏咖喱盖饭540,股份公司对反攻倒算2540,52252699610
杜凯21,17869653257,姑苏咖喱盖饭541,股份公司对反攻倒算2541,52252699611
杜凯22,17869653258,姑苏咖喱盖饭542,股份公司对反攻倒算2542,52252699612
杜凯23,17869653259,姑苏咖喱盖饭543,股份公司对反攻倒算2543,52252699613
杜凯24,17869653260,姑苏咖喱盖饭544,股份公司对反攻倒算2544,52252699614
杜凯25,17869653261,姑苏咖喱盖饭545,股份公司对反攻倒算2545,52252699615
杜凯26,17869653262,姑苏咖喱盖饭546,股份公司对反攻倒算2546,52252699616
杜凯27,17869653263,姑苏咖喱盖饭547,股份公司对反攻倒算2547,52252699617
杜凯28,17869653264,姑苏咖喱盖饭548,股份公司对反攻倒算2548,52252699618
杜凯29,17869653265,姑苏咖喱盖饭549,股份公司对反攻倒算2549,52252699619
杜凯30,17869653266,姑苏咖喱盖饭550,股份公司对反攻倒算2550,52252699620
杜凯31,17869653267,姑苏咖喱盖饭551,股份公司对反攻倒算2551,52252699621
杜凯32,17869653268,姑苏咖喱盖饭552,股份公司对反攻倒算2552,52252699622
杜凯33,17869653269,姑苏咖喱盖饭553,股份公司对反攻倒算2553,52252699623
杜凯34,17869653270,姑苏咖喱盖饭554,股份公司对反攻倒算2554,52252699624
杜凯35,17869653271,姑苏咖喱盖饭555,股份公司对反攻倒算2555,52252699625
杜凯36,17869653272,姑苏咖喱盖饭556,股份公司对反攻倒算2556,52252699626
杜凯37,17869653273,姑苏咖喱盖饭557,股份公司对反攻倒算2557,52252699627
杜凯38,17869653274,姑苏咖喱盖饭558,股份公司对反攻倒算2558,52252699628
杜凯39,17869653275,姑苏咖喱盖饭559,股份公司对反攻倒算2559,52252699629
杜凯40,17869653276,姑苏咖喱盖饭560,股份公司对反攻倒算2560,52252699630
杜凯41,17869653277,姑苏咖喱盖饭561,股份公司对反攻倒算2561,52252699631
杜凯42,17869653278,姑苏咖喱盖饭562,股份公司对反攻倒算2562,52252699632
杜凯43,17869653279,姑苏咖喱盖饭563,股份公司对反攻倒算2563,52252699633
杜凯44,17869653280,姑苏咖喱盖饭564,股份公司对反攻倒算2564,52252699634
杜凯45,17869653281,姑苏咖喱盖饭565,股份公司对反攻倒算2565,52252699635
杜凯46,17869653282,姑苏咖喱盖饭566,股份公司对反攻倒算2566,52252699636
杜凯47,17869653283,姑苏咖喱盖饭567,股份公司对反攻倒算2567,52252699637
杜凯48,17869653284,姑苏咖喱盖饭568,股份公司对反攻倒算2568,52252699638
杜凯49,17869653285,姑苏咖喱盖饭569,股份公司对反攻倒算2569,52252699639
杜凯50,17869653286,姑苏咖喱盖饭570,股份公司对反攻倒算2570,52252699640
杜凯51,17869653287,姑苏咖喱盖饭571,股份公司对反攻倒算2571,52252699641
杜凯52,17869653288,姑苏咖喱盖饭572,股份公司对反攻倒算2572,52252699642
杜凯53,17869653289,姑苏咖喱盖饭573,股份公司对反攻倒算2573,52252699643
杜凯54,17869653290,姑苏咖喱盖饭574,股份公司对反攻倒算2574,52252699644
杜凯55,17869653291,姑苏咖喱盖饭575,股份公司对反攻倒算2575,52252699645
杜凯56,17869653292,姑苏咖喱盖饭576,股份公司对反攻倒算2576,52252699646
杜凯57,17869653293,姑苏咖喱盖饭577,股份公司对反攻倒算2577,52252699647
杜凯58,17869653294,姑苏咖喱盖饭578,股份公司对反攻倒算2578,52252699648
杜凯59,17869653295,姑苏咖喱盖饭579,股份公司对反攻倒算2579,52252699649
杜凯60,17869653296,姑苏咖喱盖饭580,股份公司对反攻倒算2580,52252699650
杜凯61,17869653297,姑苏咖喱盖饭581,股份公司对反攻倒算2581,52252699651
杜凯62,17869653298,姑苏咖喱盖饭582,股份公司对反攻倒算2582,52252699652
杜凯63,17869653299,姑苏咖喱盖饭583,股份公司对反攻倒算2583,52252699653
杜凯64,17869653300,姑苏咖喱盖饭584,股份公司对反攻倒算2584,52252699654
杜凯65,17869653301,姑苏咖喱盖饭585,股份公司对反攻倒算2585,52252699655
杜凯66,17869653302,姑苏咖喱盖饭586,股份公司对反攻倒算2586,52252699656
杜凯67,17869653303,姑苏咖喱盖饭587,股份公司对反攻倒算2587,52252699657
杜凯68,17869653304,姑苏咖喱盖饭588,股份公司对反攻倒算2588,52252699658
杜凯69,17869653305,姑苏咖喱盖饭589,股份公司对反攻倒算2589,52252699659
杜凯70,17869653306,姑苏咖喱盖饭590,股份公司对反攻倒算2590,52252699660
杜凯71,17869653307,姑苏咖喱盖饭591,股份公司对反攻倒算2591,52252699661
杜凯72,17869653308,姑苏咖喱盖饭592,股份公司对反攻倒算2592,52252699662
杜凯73,17869653309,姑苏咖喱盖饭593,股份公司对反攻倒算2593,52252699663
杜凯74,17869653310,姑苏咖喱盖饭594,股份公司对反攻倒算2594,52252699664
杜凯75,17869653311,姑苏咖喱盖饭595,股份公司对反攻倒算2595,52252699665
杜凯76,17869653312,姑苏咖喱盖饭596,股份公司对反攻倒算2596,52252699666
杜凯77,17869653313,姑苏咖喱盖饭597,股份公司对反攻倒算2597,52252699667
杜凯78,17869653314,姑苏咖喱盖饭598,股份公司对反攻倒算2598,52252699668
杜凯79,17869653315,姑苏咖喱盖饭599,股份公司对反攻倒算2599,52252699669
杜凯80,17869653316,姑苏咖喱盖饭600,股份公司对反攻倒算2600,52252699670
杜凯81,17869653317,姑苏咖喱盖饭601,股份公司对反攻倒算2601,52252699671
杜凯82,17869653318,姑苏咖喱盖饭602,股份公司对反攻倒算2602,52252699672
杜凯83,17869653319,姑苏咖喱盖饭603,股份公司对反攻倒算2603,52252699673
杜凯84,17869653320,姑苏咖喱盖饭604,股份公司对反攻倒算2604,52252699674
杜凯85,17869653321,姑苏咖喱盖饭605,股份公司对反攻倒算2605,52252699675
杜凯86,17869653322,姑苏咖喱盖饭606,股份公司对反攻倒算2606,52252699676
杜凯87,17869653323,姑苏咖喱盖饭607,股份公司对反攻倒算2607,52252699677
杜凯88,17869653324,姑苏咖喱盖饭608,股份公司对反攻倒算2608,52252699678
杜凯89,17869653325,姑苏咖喱盖饭609,股份公司对反攻倒算2609,52252699679
杜凯90,17869653326,姑苏咖喱盖饭610,股份公司对反攻倒算2610,52252699680
杜凯91,17869653327,姑苏咖喱盖饭611,股份公司对反攻倒算2611,52252699681
杜凯92,17869653328,姑苏咖喱盖饭612,股份公司对反攻倒算2612,52252699682
杜凯93,17869653329,姑苏咖喱盖饭613,股份公司对反攻倒算2613,52252699683
杜凯94,17869653330,姑苏咖喱盖饭614,股份公司对反攻倒算2614,52252699684
杜凯95,17869653331,姑苏咖喱盖饭615,股份公司对反攻倒算2615,52252699685
杜凯96,17869653332,姑苏咖喱盖饭616,股份公司对反攻倒算2616,52252699686
杜凯97,17869653333,姑苏咖喱盖饭617,股份公司对反攻倒算2617,52252699687
杜凯98,17869653334,姑苏咖喱盖饭618,股份公司对反攻倒算2618,52252699688
杜凯99,17869653335,姑苏咖喱盖饭619,股份公司对反攻倒算2619,52252699689
杜凯100,17869653336,姑苏咖喱盖饭620,股份公司对反攻倒算2620,52252699690
杜凯101,17869653337,姑苏咖喱盖饭621,股份公司对反攻倒算2621,52252699691
杜凯102,17869653338,姑苏咖喱盖饭622,股份公司对反攻倒算2622,52252699692
杜凯103,17869653339,姑苏咖喱盖饭623,股份公司对反攻倒算2623,52252699693
杜凯104,17869653340,姑苏咖喱盖饭624,股份公司对反攻倒算2624,52252699694
杜凯105,17869653341,姑苏咖喱盖饭625,股份公司对反攻倒算2625,52252699695
杜凯106,17869653342,姑苏咖喱盖饭626,股份公司对反攻倒算2626,52252699696
杜凯107,17869653343,姑苏咖喱盖饭627,股份公司对反攻倒算2627,52252699697
杜凯108,17869653344,姑苏咖喱盖饭628,股份公司对反攻倒算2628,52252699698
杜凯109,17869653345,姑苏咖喱盖饭629,股份公司对反攻倒算2629,52252699699
杜凯110,17869653346,姑苏咖喱盖饭630,股份公司对反攻倒算2630,52252699700
杜凯111,17869653347,姑苏咖喱盖饭631,股份公司对反攻倒算2631,52252699701
杜凯112,17869653348,姑苏咖喱盖饭632,股份公司对反攻倒算2632,52252699702
杜凯113,17869653349,姑苏咖喱盖饭633,股份公司对反攻倒算2633,52252699703
杜凯114,17869653350,姑苏咖喱盖饭634,股份公司对反攻倒算2634,52252699704
杜凯115,17869653351,姑苏咖喱盖饭635,股份公司对反攻倒算2635,52252699705
杜凯116,17869653352,姑苏咖喱盖饭636,股份公司对反攻倒算2636,52252699706
杜凯117,17869653353,姑苏咖喱盖饭637,股份公司对反攻倒算2637,52252699707
杜凯118,17869653354,姑苏咖喱盖饭638,股份公司对反攻倒算2638,52252699708
杜凯119,17869653355,姑苏咖喱盖饭639,股份公司对反攻倒算2639,52252699709
杜凯120,17869653356,姑苏咖喱盖饭640,股份公司对反攻倒算2640,52252699710
杜凯121,17869653357,姑苏咖喱盖饭641,股份公司对反攻倒算2641,52252699711
杜凯122,17869653358,姑苏咖喱盖饭642,股份公司对反攻倒算2642,52252699712
杜凯123,17869653359,姑苏咖喱盖饭643,股份公司对反攻倒算2643,52252699713
杜凯124,17869653360,姑苏咖喱盖饭644,股份公司对反攻倒算2644,52252699714
杜凯125,17869653361,姑苏咖喱盖饭645,股份公司对反攻倒算2645,52252699715
杜凯126,17869653362,姑苏咖喱盖饭646,股份公司对反攻倒算2646,52252699716
杜凯127,17869653363,姑苏咖喱盖饭647,股份公司对反攻倒算2647,52252699717
杜凯128,17869653364,姑苏咖喱盖饭648,股份公司对反攻倒算2648,52252699718
杜凯129,17869653365,姑苏咖喱盖饭649,股份公司对反攻倒算2649,52252699719
杜凯130,17869653366,姑苏咖喱盖饭650,股份公司对反攻倒算2650,52252699720
杜凯131,17869653367,姑苏咖喱盖饭651,股份公司对反攻倒算2651,52252699721
杜凯132,17869653368,姑苏咖喱盖饭652,股份公司对反攻倒算2652,52252699722
杜凯133,17869653369,姑苏咖喱盖饭653,股份公司对反攻倒算2653,52252699723
杜凯134,17869653370,姑苏咖喱盖饭654,股份公司对反攻倒算2654,52252699724
杜凯135,17869653371,姑苏咖喱盖饭655,股份公司对反攻倒算2655,52252699725
杜凯136,17869653372,姑苏咖喱盖饭656,股份公司对反攻倒算2656,52252699726
杜凯137,17869653373,姑苏咖喱盖饭657,股份公司对反攻倒算2657,52252699727
杜凯138,17869653374,姑苏咖喱盖饭658,股份公司对反攻倒算2658,52252699728
杜凯139,17869653375,姑苏咖喱盖饭659,股份公司对反攻倒算2659,52252699729
杜凯140,17869653376,姑苏咖喱盖饭660,股份公司对反攻倒算2660,52252699730
杜凯141,17869653377,姑苏咖喱盖饭661,股份公司对反攻倒算2661,52252699731
杜凯142,17869653378,姑苏咖喱盖饭662,股份公司对反攻倒算2662,52252699732
杜凯143,17869653379,姑苏咖喱盖饭663,股份公司对反攻倒算2663,52252699733
杜凯144,17869653380,姑苏咖喱盖饭664,股份公司对反攻倒算2664,52252699734
杜凯145,17869653381,姑苏咖喱盖饭665,股份公司对反攻倒算2665,52252699735
杜凯146,17869653382,姑苏咖喱盖饭666,股份公司对反攻倒算2666,52252699736
杜凯147,17869653383,姑苏咖喱盖饭667,股份公司对反攻倒算2667,52252699737
杜凯148,17869653384,姑苏咖喱盖饭668,股份公司对反攻倒算2668,52252699738
杜凯149,17869653385,姑苏咖喱盖饭669,股份公司对反攻倒算2669,52252699739
杜凯150,17869653386,姑苏咖喱盖饭670,股份公司对反攻倒算2670,52252699740
杜凯151,17869653387,姑苏咖喱盖饭671,股份公司对反攻倒算2671,52252699741
杜凯152,17869653388,姑苏咖喱盖饭672,股份公司对反攻倒算2672,52252699742
杜凯153,17869653389,姑苏咖喱盖饭673,股份公司对反攻倒算2673,52252699743
杜凯154,17869653390,姑苏咖喱盖饭674,股份公司对反攻倒算2674,52252699744
杜凯155,17869653391,姑苏咖喱盖饭675,股份公司对反攻倒算2675,52252699745
杜凯156,17869653392,姑苏咖喱盖饭676,股份公司对反攻倒算2676,52252699746
杜凯157,17869653393,姑苏咖喱盖饭677,股份公司对反攻倒算2677,52252699747
杜凯158,17869653394,姑苏咖喱盖饭678,股份公司对反攻倒算2678,52252699748
杜凯159,17869653395,姑苏咖喱盖饭679,股份公司对反攻倒算2679,52252699749
杜凯160,17869653396,姑苏咖喱盖饭680,股份公司对反攻倒算2680,52252699750
杜凯161,17869653397,姑苏咖喱盖饭681,股份公司对反攻倒算2681,52252699751
杜凯162,17869653398,姑苏咖喱盖饭682,股份公司对反攻倒算2682,52252699752
杜凯163,17869653399,姑苏咖喱盖饭683,股份公司对反攻倒算2683,52252699753
杜凯164,17869653400,姑苏咖喱盖饭684,股份公司对反攻倒算2684,52252699754
杜凯165,17869653401,姑苏咖喱盖饭685,股份公司对反攻倒算2685,52252699755
杜凯166,17869653402,姑苏咖喱盖饭686,股份公司对反攻倒算2686,52252699756
杜凯167,17869653403,姑苏咖喱盖饭687,股份公司对反攻倒算2687,52252699757
杜凯168,17869653404,姑苏咖喱盖饭688,股份公司对反攻倒算2688,52252699758
杜凯169,17869653405,姑苏咖喱盖饭689,股份公司对反攻倒算2689,52252699759
杜凯170,17869653406,姑苏咖喱盖饭690,股份公司对反攻倒算2690,52252699760
杜凯171,17869653407,姑苏咖喱盖饭691,股份公司对反攻倒算2691,52252699761
杜凯172,17869653408,姑苏咖喱盖饭692,股份公司对反攻倒算2692,52252699762
杜凯173,17869653409,姑苏咖喱盖饭693,股份公司对反攻倒算2693,52252699763
杜凯174,17869653410,姑苏咖喱盖饭694,股份公司对反攻倒算2694,52252699764
杜凯175,17869653411,姑苏咖喱盖饭695,股份公司对反攻倒算2695,52252699765
杜凯176,17869653412,姑苏咖喱盖饭696,股份公司对反攻倒算2696,52252699766
杜凯177,17869653413,姑苏咖喱盖饭697,股份公司对反攻倒算2697,52252699767
杜凯178,17869653414,姑苏咖喱盖饭698,股份公司对反攻倒算2698,52252699768
杜凯179,17869653415,姑苏咖喱盖饭699,股份公司对反攻倒算2699,52252699769
杜凯180,17869653416,姑苏咖喱盖饭700,股份公司对反攻倒算2700,52252699770
杜凯181,17869653417,姑苏咖喱盖饭701,股份公司对反攻倒算2701,52252699771
杜凯182,17869653418,姑苏咖喱盖饭702,股份公司对反攻倒算2702,52252699772
杜凯183,17869653419,姑苏咖喱盖饭703,股份公司对反攻倒算2703,52252699773
杜凯184,17869653420,姑苏咖喱盖饭704,股份公司对反攻倒算2704,52252699774
杜凯185,17869653421,姑苏咖喱盖饭705,股份公司对反攻倒算2705,52252699775
杜凯186,17869653422,姑苏咖喱盖饭706,股份公司对反攻倒算2706,52252699776
杜凯187,17869653423,姑苏咖喱盖饭707,股份公司对反攻倒算2707,52252699777
杜凯188,17869653424,姑苏咖喱盖饭708,股份公司对反攻倒算2708,52252699778
杜凯189,17869653425,姑苏咖喱盖饭709,股份公司对反攻倒算2709,52252699779
杜凯190,17869653426,姑苏咖喱盖饭710,股份公司对反攻倒算2710,52252699780
杜凯191,17869653427,姑苏咖喱盖饭711,股份公司对反攻倒算2711,52252699781
杜凯192,17869653428,姑苏咖喱盖饭712,股份公司对反攻倒算2712,52252699782
杜凯193,17869653429,姑苏咖喱盖饭713,股份公司对反攻倒算2713,52252699783
杜凯194,17869653430,姑苏咖喱盖饭714,股份公司对反攻倒算2714,52252699784
杜凯195,17869653431,姑苏咖喱盖饭715,股份公司对反攻倒算2715,52252699785
杜凯196,17869653432,姑苏咖喱盖饭716,股份公司对反攻倒算2716,52252699786
杜凯197,17869653433,姑苏咖喱盖饭717,股份公司对反攻倒算2717,52252699787
杜凯198,17869653434,姑苏咖喱盖饭718,股份公司对反攻倒算2718,52252699788
杜凯199,17869653435,姑苏咖喱盖饭719,股份公司对反攻倒算2719,52252699789
杜凯200,17869653436,姑苏咖喱盖饭720,股份公司对反攻倒算2720,52252699790
杜凯201,17869653437,姑苏咖喱盖饭721,股份公司对反攻倒算2721,52252699791
杜凯202,17869653438,姑苏咖喱盖饭722,股份公司对反攻倒算2722,52252699792
杜凯203,17869653439,姑苏咖喱盖饭723,股份公司对反攻倒算2723,52252699793
杜凯204,17869653440,姑苏咖喱盖饭724,股份公司对反攻倒算2724,52252699794
杜凯205,17869653441,姑苏咖喱盖饭725,股份公司对反攻倒算2725,52252699795
杜凯206,17869653442,姑苏咖喱盖饭726,股份公司对反攻倒算2726,52252699796
杜凯207,17869653443,姑苏咖喱盖饭727,股份公司对反攻倒算2727,52252699797
杜凯208,17869653444,姑苏咖喱盖饭728,股份公司对反攻倒算2728,52252699798
杜凯209,17869653445,姑苏咖喱盖饭729,股份公司对反攻倒算2729,52252699799
杜凯210,17869653446,姑苏咖喱盖饭730,股份公司对反攻倒算2730,52252699800
杜凯211,17869653447,姑苏咖喱盖饭731,股份公司对反攻倒算2731,52252699801
杜凯212,17869653448,姑苏咖喱盖饭732,股份公司对反攻倒算2732,52252699802
杜凯213,17869653449,姑苏咖喱盖饭733,股份公司对反攻倒算2733,52252699803
杜凯214,17869653450,姑苏咖喱盖饭734,股份公司对反攻倒算2734,52252699804
杜凯215,17869653451,姑苏咖喱盖饭735,股份公司对反攻倒算2735,52252699805
杜凯216,17869653452,姑苏咖喱盖饭736,股份公司对反攻倒算2736,52252699806
杜凯217,17869653453,姑苏咖喱盖饭737,股份公司对反攻倒算2737,52252699807
杜凯218,17869653454,姑苏咖喱盖饭738,股份公司对反攻倒算2738,52252699808
杜凯219,17869653455,姑苏咖喱盖饭739,股份公司对反攻倒算2739,52252699809
杜凯220,17869653456,姑苏咖喱盖饭740,股份公司对反攻倒算2740,52252699810
杜凯221,17869653457,姑苏咖喱盖饭741,股份公司对反攻倒算2741,52252699811
杜凯222,17869653458,姑苏咖喱盖饭742,股份公司对反攻倒算2742,52252699812
杜凯223,17869653459,姑苏咖喱盖饭743,股份公司对反攻倒算2743,52252699813
杜凯224,17869653460,姑苏咖喱盖饭744,股份公司对反攻倒算2744,52252699814
杜凯225,17869653461,姑苏咖喱盖饭745,股份公司对反攻倒算2745,52252699815
杜凯226,17869653462,姑苏咖喱盖饭746,股份公司对反攻倒算2746,52252699816
杜凯227,17869653463,姑苏咖喱盖饭747,股份公司对反攻倒算2747,52252699817
杜凯228,17869653464,姑苏咖喱盖饭748,股份公司对反攻倒算2748,52252699818
杜凯229,17869653465,姑苏咖喱盖饭749,股份公司对反攻倒算2749,52252699819
杜凯230,17869653466,姑苏咖喱盖饭750,股份公司对反攻倒算2750,52252699820
杜凯231,17869653467,姑苏咖喱盖饭751,股份公司对反攻倒算2751,52252699821
杜凯232,17869653468,姑苏咖喱盖饭752,股份公司对反攻倒算2752,52252699822
杜凯233,17869653469,姑苏咖喱盖饭753,股份公司对反攻倒算2753,52252699823
杜凯234,17869653470,姑苏咖喱盖饭754,股份公司对反攻倒算2754,52252699824
杜凯235,17869653471,姑苏咖喱盖饭755,股份公司对反攻倒算2755,52252699825
杜凯236,17869653472,姑苏咖喱盖饭756,股份公司对反攻倒算2756,52252699826
杜凯237,17869653473,姑苏咖喱盖饭757,股份公司对反攻倒算2757,52252699827
杜凯238,17869653474,姑苏咖喱盖饭758,股份公司对反攻倒算2758,52252699828
杜凯239,17869653475,姑苏咖喱盖饭759,股份公司对反攻倒算2759,52252699829
杜凯240,17869653476,姑苏咖喱盖饭760,股份公司对反攻倒算2760,52252699830
杜凯241,17869653477,姑苏咖喱盖饭761,股份公司对反攻倒算2761,52252699831
杜凯242,17869653478,姑苏咖喱盖饭762,股份公司对反攻倒算2762,52252699832
杜凯243,17869653479,姑苏咖喱盖饭763,股份公司对反攻倒算2763,52252699833
杜凯244,17869653480,姑苏咖喱盖饭764,股份公司对反攻倒算2764,52252699834
杜凯245,17869653481,姑苏咖喱盖饭765,股份公司对反攻倒算2765,52252699835
杜凯246,17869653482,姑苏咖喱盖饭766,股份公司对反攻倒算2766,52252699836
杜凯247,17869653483,姑苏咖喱盖饭767,股份公司对反攻倒算2767,52252699837
杜凯248,17869653484,姑苏咖喱盖饭768,股份公司对反攻倒算2768,52252699838
杜凯249,17869653485,姑苏咖喱盖饭769,股份公司对反攻倒算2769,52252699839
杜凯250,17869653486,姑苏咖喱盖饭770,股份公司对反攻倒算2770,52252699840
杜凯251,17869653487,姑苏咖喱盖饭771,股份公司对反攻倒算2771,52252699841
杜凯252,17869653488,姑苏咖喱盖饭772,股份公司对反攻倒算2772,52252699842
杜凯253,17869653489,姑苏咖喱盖饭773,股份公司对反攻倒算2773,52252699843
杜凯254,17869653490,姑苏咖喱盖饭774,股份公司对反攻倒算2774,52252699844
杜凯255,17869653491,姑苏咖喱盖饭775,股份公司对反攻倒算2775,52252699845
杜凯256,17869653492,姑苏咖喱盖饭776,股份公司对反攻倒算2776,52252699846
杜凯257,17869653493,姑苏咖喱盖饭777,股份公司对反攻倒算2777,52252699847
杜凯258,17869653494,姑苏咖喱盖饭778,股份公司对反攻倒算2778,52252699848
杜凯259,17869653495,姑苏咖喱盖饭779,股份公司对反攻倒算2779,52252699849
杜凯260,17869653496,姑苏咖喱盖饭780,股份公司对反攻倒算2780,52252699850
杜凯261,17869653497,姑苏咖喱盖饭781,股份公司对反攻倒算2781,52252699851
杜凯262,17869653498,姑苏咖喱盖饭782,股份公司对反攻倒算2782,52252699852
杜凯263,17869653499,姑苏咖喱盖饭783,股份公司对反攻倒算2783,52252699853
杜凯264,17869653500,姑苏咖喱盖饭784,股份公司对反攻倒算2784,52252699854
杜凯265,17869653501,姑苏咖喱盖饭785,股份公司对反攻倒算2785,52252699855
杜凯266,17869653502,姑苏咖喱盖饭786,股份公司对反攻倒算2786,52252699856
杜凯267,17869653503,姑苏咖喱盖饭787,股份公司对反攻倒算2787,52252699857
杜凯268,17869653504,姑苏咖喱盖饭788,股份公司对反攻倒算2788,52252699858
杜凯269,17869653505,姑苏咖喱盖饭789,股份公司对反攻倒算2789,52252699859
杜凯270,17869653506,姑苏咖喱盖饭790,股份公司对反攻倒算2790,52252699860
杜凯271,17869653507,姑苏咖喱盖饭791,股份公司对反攻倒算2791,52252699861
杜凯272,17869653508,姑苏咖喱盖饭792,股份公司对反攻倒算2792,52252699862
杜凯273,17869653509,姑苏咖喱盖饭793,股份公司对反攻倒算2793,52252699863
杜凯274,17869653510,姑苏咖喱盖饭794,股份公司对反攻倒算2794,52252699864
杜凯275,17869653511,姑苏咖喱盖饭795,股份公司对反攻倒算2795,52252699865
杜凯276,17869653512,姑苏咖喱盖饭796,股份公司对反攻倒算2796,52252699866
杜凯277,17869653513,姑苏咖喱盖饭797,股份公司对反攻倒算2797,52252699867
杜凯278,17869653514,姑苏咖喱盖饭798,股份公司对反攻倒算2798,52252699868
杜凯279,17869653515,姑苏咖喱盖饭799,股份公司对反攻倒算2799,52252699869
杜凯280,17869653516,姑苏咖喱盖饭800,股份公司对反攻倒算2800,52252699870
杜凯281,17869653517,姑苏咖喱盖饭801,股份公司对反攻倒算2801,52252699871
杜凯282,17869653518,姑苏咖喱盖饭802,股份公司对反攻倒算2802,52252699872
杜凯283,17869653519,姑苏咖喱盖饭803,股份公司对反攻倒算2803,52252699873
杜凯284,17869653520,姑苏咖喱盖饭804,股份公司对反攻倒算2804,52252699874
杜凯285,17869653521,姑苏咖喱盖饭805,股份公司对反攻倒算2805,52252699875
杜凯286,17869653522,姑苏咖喱盖饭806,股份公司对反攻倒算2806,52252699876
杜凯287,17869653523,姑苏咖喱盖饭807,股份公司对反攻倒算2807,52252699877
杜凯288,17869653524,姑苏咖喱盖饭808,股份公司对反攻倒算2808,52252699878
杜凯289,17869653525,姑苏咖喱盖饭809,股份公司对反攻倒算2809,52252699879
杜凯290,17869653526,姑苏咖喱盖饭810,股份公司对反攻倒算2810,52252699880
杜凯291,17869653527,姑苏咖喱盖饭811,股份公司对反攻倒算2811,52252699881
杜凯292,17869653528,姑苏咖喱盖饭812,股份公司对反攻倒算2812,52252699882
杜凯293,17869653529,姑苏咖喱盖饭813,股份公司对反攻倒算2813,52252699883
杜凯294,17869653530,姑苏咖喱盖饭814,股份公司对反攻倒算2814,52252699884
杜凯295,17869653531,姑苏咖喱盖饭815,股份公司对反攻倒算2815,52252699885
杜凯296,17869653532,姑苏咖喱盖饭816,股份公司对反攻倒算2816,52252699886
杜凯297,17869653533,姑苏咖喱盖饭817,股份公司对反攻倒算2817,52252699887
杜凯298,17869653534,姑苏咖喱盖饭818,股份公司对反攻倒算2818,52252699888
杜凯299,17869653535,姑苏咖喱盖饭819,股份公司对反攻倒算2819,52252699889
杜凯300,17869653536,姑苏咖喱盖饭820,股份公司对反攻倒算2820,52252699890
杜凯301,17869653537,姑苏咖喱盖饭821,股份公司对反攻倒算2821,52252699891
杜凯302,17869653538,姑苏咖喱盖饭822,股份公司对反攻倒算2822,52252699892
杜凯303,17869653539,姑苏咖喱盖饭823,股份公司对反攻倒算2823,52252699893
杜凯304,17869653540,姑苏咖喱盖饭824,股份公司对反攻倒算2824,52252699894
杜凯305,17869653541,姑苏咖喱盖饭825,股份公司对反攻倒算2825,52252699895
杜凯306,17869653542,姑苏咖喱盖饭826,股份公司对反攻倒算2826,52252699896
杜凯307,17869653543,姑苏咖喱盖饭827,股份公司对反攻倒算2827,52252699897
杜凯308,17869653544,姑苏咖喱盖饭828,股份公司对反攻倒算2828,52252699898
杜凯309,17869653545,姑苏咖喱盖饭829,股份公司对反攻倒算2829,52252699899
杜凯310,17869653546,姑苏咖喱盖饭830,股份公司对反攻倒算2830,52252699900
杜凯311,17869653547,姑苏咖喱盖饭831,股份公司对反攻倒算2831,52252699901
杜凯312,17869653548,姑苏咖喱盖饭832,股份公司对反攻倒算2832,52252699902
杜凯313,17869653549,姑苏咖喱盖饭833,股份公司对反攻倒算2833,52252699903
杜凯314,17869653550,姑苏咖喱盖饭834,股份公司对反攻倒算2834,52252699904
杜凯315,17869653551,姑苏咖喱盖饭835,股份公司对反攻倒算2835,52252699905
杜凯316,17869653552,姑苏咖喱盖饭836,股份公司对反攻倒算2836,52252699906
杜凯317,17869653553,姑苏咖喱盖饭837,股份公司对反攻倒算2837,52252699907
杜凯318,17869653554,姑苏咖喱盖饭838,股份公司对反攻倒算2838,52252699908
杜凯319,17869653555,姑苏咖喱盖饭839,股份公司对反攻倒算2839,52252699909
杜凯320,17869653556,姑苏咖喱盖饭840,股份公司对反攻倒算2840,52252699910
杜凯321,17869653557,姑苏咖喱盖饭841,股份公司对反攻倒算2841,52252699911
杜凯322,17869653558,姑苏咖喱盖饭842,股份公司对反攻倒算2842,52252699912
杜凯323,17869653559,姑苏咖喱盖饭843,股份公司对反攻倒算2843,52252699913
杜凯324,17869653560,姑苏咖喱盖饭844,股份公司对反攻倒算2844,52252699914
杜凯325,17869653561,姑苏咖喱盖饭845,股份公司对反攻倒算2845,52252699915
杜凯326,17869653562,姑苏咖喱盖饭846,股份公司对反攻倒算2846,52252699916
杜凯327,17869653563,姑苏咖喱盖饭847,股份公司对反攻倒算2847,52252699917
杜凯328,17869653564,姑苏咖喱盖饭848,股份公司对反攻倒算2848,52252699918
杜凯329,17869653565,姑苏咖喱盖饭849,股份公司对反攻倒算2849,52252699919
杜凯330,17869653566,姑苏咖喱盖饭850,股份公司对反攻倒算2850,52252699920
杜凯331,17869653567,姑苏咖喱盖饭851,股份公司对反攻倒算2851,52252699921
杜凯332,17869653568,姑苏咖喱盖饭852,股份公司对反攻倒算2852,52252699922
杜凯333,17869653569,姑苏咖喱盖饭853,股份公司对反攻倒算2853,52252699923
杜凯334,17869653570,姑苏咖喱盖饭854,股份公司对反攻倒算2854,52252699924
杜凯335,17869653571,姑苏咖喱盖饭855,股份公司对反攻倒算2855,52252699925
杜凯336,17869653572,姑苏咖喱盖饭856,股份公司对反攻倒算2856,52252699926
杜凯337,17869653573,姑苏咖喱盖饭857,股份公司对反攻倒算2857,52252699927
杜凯338,17869653574,姑苏咖喱盖饭858,股份公司对反攻倒算2858,52252699928
杜凯339,17869653575,姑苏咖喱盖饭859,股份公司对反攻倒算2859,52252699929
杜凯340,17869653576,姑苏咖喱盖饭860,股份公司对反攻倒算2860,52252699930
杜凯341,17869653577,姑苏咖喱盖饭861,股份公司对反攻倒算2861,52252699931
杜凯342,17869653578,姑苏咖喱盖饭862,股份公司对反攻倒算2862,52252699932
杜凯343,17869653579,姑苏咖喱盖饭863,股份公司对反攻倒算2863,52252699933
杜凯344,17869653580,姑苏咖喱盖饭864,股份公司对反攻倒算2864,52252699934
杜凯345,17869653581,姑苏咖喱盖饭865,股份公司对反攻倒算2865,52252699935
杜凯346,17869653582,姑苏咖喱盖饭866,股份公司对反攻倒算2866,52252699936
杜凯347,17869653583,姑苏咖喱盖饭867,股份公司对反攻倒算2867,52252699937
杜凯348,17869653584,姑苏咖喱盖饭868,股份公司对反攻倒算2868,52252699938
杜凯349,17869653585,姑苏咖喱盖饭869,股份公司对反攻倒算2869,52252699939
杜凯350,17869653586,姑苏咖喱盖饭870,股份公司对反攻倒算2870,52252699940
杜凯351,17869653587,姑苏咖喱盖饭871,股份公司对反攻倒算2871,52252699941
杜凯352,17869653588,姑苏咖喱盖饭872,股份公司对反攻倒算2872,52252699942
杜凯353,17869653589,姑苏咖喱盖饭873,股份公司对反攻倒算2873,52252699943
杜凯354,17869653590,姑苏咖喱盖饭874,股份公司对反攻倒算2874,52252699944
杜凯355,17869653591,姑苏咖喱盖饭875,股份公司对反攻倒算2875,52252699945
杜凯356,17869653592,姑苏咖喱盖饭876,股份公司对反攻倒算2876,52252699946
杜凯357,17869653593,姑苏咖喱盖饭877,股份公司对反攻倒算2877,52252699947
杜凯358,17869653594,姑苏咖喱盖饭878,股份公司对反攻倒算2878,52252699948
杜凯359,17869653595,姑苏咖喱盖饭879,股份公司对反攻倒算2879,52252699949
杜凯360,17869653596,姑苏咖喱盖饭880,股份公司对反攻倒算2880,52252699950
杜凯361,17869653597,姑苏咖喱盖饭881,股份公司对反攻倒算2881,52252699951
杜凯362,17869653598,姑苏咖喱盖饭882,股份公司对反攻倒算2882,52252699952
杜凯363,17869653599,姑苏咖喱盖饭883,股份公司对反攻倒算2883,52252699953
杜凯364,17869653600,姑苏咖喱盖饭884,股份公司对反攻倒算2884,52252699954
杜凯365,17869653601,姑苏咖喱盖饭885,股份公司对反攻倒算2885,52252699955
杜凯366,17869653602,姑苏咖喱盖饭886,股份公司对反攻倒算2886,52252699956
杜凯367,17869653603,姑苏咖喱盖饭887,股份公司对反攻倒算2887,52252699957
杜凯368,17869653604,姑苏咖喱盖饭888,股份公司对反攻倒算2888,52252699958
杜凯369,17869653605,姑苏咖喱盖饭889,股份公司对反攻倒算2889,52252699959
杜凯370,17869653606,姑苏咖喱盖饭890,股份公司对反攻倒算2890,52252699960
杜凯371,17869653607,姑苏咖喱盖饭891,股份公司对反攻倒算2891,52252699961
杜凯372,17869653608,姑苏咖喱盖饭892,股份公司对反攻倒算2892,52252699962
杜凯373,17869653609,姑苏咖喱盖饭893,股份公司对反攻倒算2893,52252699963
杜凯374,17869653610,姑苏咖喱盖饭894,股份公司对反攻倒算2894,52252699964
杜凯375,17869653611,姑苏咖喱盖饭895,股份公司对反攻倒算2895,52252699965
杜凯376,17869653612,姑苏咖喱盖饭896,股份公司对反攻倒算2896,52252699966
杜凯377,17869653613,姑苏咖喱盖饭897,股份公司对反攻倒算2897,52252699967
杜凯378,17869653614,姑苏咖喱盖饭898,股份公司对反攻倒算2898,52252699968
杜凯379,17869653615,姑苏咖喱盖饭899,股份公司对反攻倒算2899,52252699969
杜凯380,17869653616,姑苏咖喱盖饭900,股份公司对反攻倒算2900,52252699970
杜凯381,17869653617,姑苏咖喱盖饭901,股份公司对反攻倒算2901,52252699971
杜凯382,17869653618,姑苏咖喱盖饭902,股份公司对反攻倒算2902,52252699972
杜凯383,17869653619,姑苏咖喱盖饭903,股份公司对反攻倒算2903,52252699973
杜凯384,17869653620,姑苏咖喱盖饭904,股份公司对反攻倒算2904,52252699974
杜凯385,17869653621,姑苏咖喱盖饭905,股份公司对反攻倒算2905,52252699975
杜凯386,17869653622,姑苏咖喱盖饭906,股份公司对反攻倒算2906,52252699976
杜凯387,17869653623,姑苏咖喱盖饭907,股份公司对反攻倒算2907,52252699977
杜凯388,17869653624,姑苏咖喱盖饭908,股份公司对反攻倒算2908,52252699978
杜凯389,17869653625,姑苏咖喱盖饭909,股份公司对反攻倒算2909,52252699979
杜凯390,17869653626,姑苏咖喱盖饭910,股份公司对反攻倒算2910,52252699980
杜凯391,17869653627,姑苏咖喱盖饭911,股份公司对反攻倒算2911,52252699981
杜凯392,17869653628,姑苏咖喱盖饭912,股份公司对反攻倒算2912,52252699982
杜凯393,17869653629,姑苏咖喱盖饭913,股份公司对反攻倒算2913,52252699983
杜凯394,17869653630,姑苏咖喱盖饭914,股份公司对反攻倒算2914,52252699984
杜凯395,17869653631,姑苏咖喱盖饭915,股份公司对反攻倒算2915,52252699985
杜凯396,17869653632,姑苏咖喱盖饭916,股份公司对反攻倒算2916,52252699986
杜凯397,17869653633,姑苏咖喱盖饭917,股份公司对反攻倒算2917,52252699987
杜凯398,17869653634,姑苏咖喱盖饭918,股份公司对反攻倒算2918,52252699988
杜凯399,17869653635,姑苏咖喱盖饭919,股份公司对反攻倒算2919,52252699989
杜凯400,17869653636,姑苏咖喱盖饭920,股份公司对反攻倒算2920,52252699990
杜凯401,17869653637,姑苏咖喱盖饭921,股份公司对反攻倒算2921,52252699991
杜凯402,17869653638,姑苏咖喱盖饭922,股份公司对反攻倒算2922,52252699992
杜凯403,17869653639,姑苏咖喱盖饭923,股份公司对反攻倒算2923,52252699993
杜凯404,17869653640,姑苏咖喱盖饭924,股份公司对反攻倒算2924,52252699994
杜凯405,17869653641,姑苏咖喱盖饭925,股份公司对反攻倒算2925,52252699995
杜凯406,17869653642,姑苏咖喱盖饭926,股份公司对反攻倒算2926,52252699996
杜凯407,17869653643,姑苏咖喱盖饭927,股份公司对反攻倒算2927,52252699997
杜凯408,17869653644,姑苏咖喱盖饭928,股份公司对反攻倒算2928,52252699998
杜凯409,17869653645,姑苏咖喱盖饭929,股份公司对反攻倒算2929,52252699999
杜凯410,17869653646,姑苏咖喱盖饭930,股份公司对反攻倒算2930,52252700000
杜凯411,17869653647,姑苏咖喱盖饭931,股份公司对反攻倒算2931,52252700001
杜凯412,17869653648,姑苏咖喱盖饭932,股份公司对反攻倒算2932,52252700002
杜凯413,17869653649,姑苏咖喱盖饭933,股份公司对反攻倒算2933,52252700003
杜凯414,17869653650,姑苏咖喱盖饭934,股份公司对反攻倒算2934,52252700004
杜凯415,17869653651,姑苏咖喱盖饭935,股份公司对反攻倒算2935,52252700005
杜凯416,17869653652,姑苏咖喱盖饭936,股份公司对反攻倒算2936,52252700006
杜凯417,17869653653,姑苏咖喱盖饭937,股份公司对反攻倒算2937,52252700007
杜凯418,17869653654,姑苏咖喱盖饭938,股份公司对反攻倒算2938,52252700008
杜凯419,17869653655,姑苏咖喱盖饭939,股份公司对反攻倒算2939,52252700009
杜凯420,17869653656,姑苏咖喱盖饭940,股份公司对反攻倒算2940,52252700010
杜凯421,17869653657,姑苏咖喱盖饭941,股份公司对反攻倒算2941,52252700011
杜凯422,17869653658,姑苏咖喱盖饭942,股份公司对反攻倒算2942,52252700012
杜凯423,17869653659,姑苏咖喱盖饭943,股份公司对反攻倒算2943,52252700013
杜凯424,17869653660,姑苏咖喱盖饭944,股份公司对反攻倒算2944,52252700014
杜凯425,17869653661,姑苏咖喱盖饭945,股份公司对反攻倒算2945,52252700015
杜凯426,17869653662,姑苏咖喱盖饭946,股份公司对反攻倒算2946,52252700016
杜凯427,17869653663,姑苏咖喱盖饭947,股份公司对反攻倒算2947,52252700017
杜凯428,17869653664,姑苏咖喱盖饭948,股份公司对反攻倒算2948,52252700018
杜凯429,17869653665,姑苏咖喱盖饭949,股份公司对反攻倒算2949,52252700019
杜凯430,17869653666,姑苏咖喱盖饭950,股份公司对反攻倒算2950,52252700020
杜凯431,17869653667,姑苏咖喱盖饭951,股份公司对反攻倒算2951,52252700021
杜凯432,17869653668,姑苏咖喱盖饭952,股份公司对反攻倒算2952,52252700022
杜凯433,17869653669,姑苏咖喱盖饭953,股份公司对反攻倒算2953,52252700023
杜凯434,17869653670,姑苏咖喱盖饭954,股份公司对反攻倒算2954,52252700024
杜凯435,17869653671,姑苏咖喱盖饭955,股份公司对反攻倒算2955,52252700025
杜凯436,17869653672,姑苏咖喱盖饭956,股份公司对反攻倒算2956,52252700026
杜凯437,17869653673,姑苏咖喱盖饭957,股份公司对反攻倒算2957,52252700027
杜凯438,17869653674,姑苏咖喱盖饭958,股份公司对反攻倒算2958,52252700028
杜凯439,17869653675,姑苏咖喱盖饭959,股份公司对反攻倒算2959,52252700029
杜凯440,17869653676,姑苏咖喱盖饭960,股份公司对反攻倒算2960,52252700030
杜凯441,17869653677,姑苏咖喱盖饭961,股份公司对反攻倒算2961,52252700031
杜凯442,17869653678,姑苏咖喱盖饭962,股份公司对反攻倒算2962,52252700032
杜凯443,17869653679,姑苏咖喱盖饭963,股份公司对反攻倒算2963,52252700033
杜凯444,17869653680,姑苏咖喱盖饭964,股份公司对反攻倒算2964,52252700034
杜凯445,17869653681,姑苏咖喱盖饭965,股份公司对反攻倒算2965,52252700035
杜凯446,17869653682,姑苏咖喱盖饭966,股份公司对反攻倒算2966,52252700036
杜凯447,17869653683,姑苏咖喱盖饭967,股份公司对反攻倒算2967,52252700037
杜凯448,17869653684,姑苏咖喱盖饭968,股份公司对反攻倒算2968,52252700038
杜凯449,17869653685,姑苏咖喱盖饭969,股份公司对反攻倒算2969,52252700039
杜凯450,17869653686,姑苏咖喱盖饭970,股份公司对反攻倒算2970,52252700040
杜凯451,17869653687,姑苏咖喱盖饭971,股份公司对反攻倒算2971,52252700041
杜凯452,17869653688,姑苏咖喱盖饭972,股份公司对反攻倒算2972,52252700042
杜凯453,17869653689,姑苏咖喱盖饭973,股份公司对反攻倒算2973,52252700043
杜凯454,17869653690,姑苏咖喱盖饭974,股份公司对反攻倒算2974,52252700044
杜凯455,17869653691,姑苏咖喱盖饭975,股份公司对反攻倒算2975,52252700045
杜凯456,17869653692,姑苏咖喱盖饭976,股份公司对反攻倒算2976,52252700046
杜凯457,17869653693,姑苏咖喱盖饭977,股份公司对反攻倒算2977,52252700047
杜凯458,17869653694,姑苏咖喱盖饭978,股份公司对反攻倒算2978,52252700048
杜凯459,17869653695,姑苏咖喱盖饭979,股份公司对反攻倒算2979,52252700049
杜凯460,17869653696,姑苏咖喱盖饭980,股份公司对反攻倒算2980,52252700050
杜凯461,17869653697,姑苏咖喱盖饭981,股份公司对反攻倒算2981,52252700051
杜凯462,17869653698,姑苏咖喱盖饭982,股份公司对反攻倒算2982,52252700052
杜凯463,17869653699,姑苏咖喱盖饭983,股份公司对反攻倒算2983,52252700053
杜凯464,17869653700,姑苏咖喱盖饭984,股份公司对反攻倒算2984,52252700054
杜凯465,17869653701,姑苏咖喱盖饭985,股份公司对反攻倒算2985,52252700055
杜凯466,17869653702,姑苏咖喱盖饭986,股份公司对反攻倒算2986,52252700056
杜凯467,17869653703,姑苏咖喱盖饭987,股份公司对反攻倒算2987,52252700057
杜凯468,17869653704,姑苏咖喱盖饭988,股份公司对反攻倒算2988,52252700058
杜凯469,17869653705,姑苏咖喱盖饭989,股份公司对反攻倒算2989,52252700059
杜凯470,17869653706,姑苏咖喱盖饭990,股份公司对反攻倒算2990,52252700060
杜凯471,17869653707,姑苏咖喱盖饭991,股份公司对反攻倒算2991,52252700061
杜凯472,17869653708,姑苏咖喱盖饭992,股份公司对反攻倒算2992,52252700062
杜凯473,17869653709,姑苏咖喱盖饭993,股份公司对反攻倒算2993,52252700063
杜凯474,17869653710,姑苏咖喱盖饭994,股份公司对反攻倒算2994,52252700064
杜凯475,17869653711,姑苏咖喱盖饭995,股份公司对反攻倒算2995,52252700065
杜凯476,17869653712,姑苏咖喱盖饭996,股份公司对反攻倒算2996,52252700066
杜凯477,17869653713,姑苏咖喱盖饭997,股份公司对反攻倒算2997,52252700067
杜凯478,17869653714,姑苏咖喱盖饭998,股份公司对反攻倒算2998,52252700068
杜凯479,17869653715,姑苏咖喱盖饭999,股份公司对反攻倒算2999,52252700069
杜凯480,17869653716,姑苏咖喱盖饭1000,股份公司对反攻倒算3000,52252700070
杜凯481,17869653717,姑苏咖喱盖饭1001,股份公司对反攻倒算3001,52252700071
杜凯482,17869653718,姑苏咖喱盖饭1002,股份公司对反攻倒算3002,52252700072
杜凯483,17869653719,姑苏咖喱盖饭1003,股份公司对反攻倒算3003,52252700073
杜凯484,17869653720,姑苏咖喱盖饭1004,股份公司对反攻倒算3004,52252700074
杜凯485,17869653721,姑苏咖喱盖饭1005,股份公司对反攻倒算3005,52252700075
杜凯486,17869653722,姑苏咖喱盖饭1006,股份公司对反攻倒算3006,52252700076
杜凯487,17869653723,姑苏咖喱盖饭1007,股份公司对反攻倒算3007,52252700077
杜凯488,17869653724,姑苏咖喱盖饭1008,股份公司对反攻倒算3008,52252700078
杜凯489,17869653725,姑苏咖喱盖饭1009,股份公司对反攻倒算3009,52252700079
杜凯490,17869653726,姑苏咖喱盖饭1010,股份公司对反攻倒算3010,52252700080
杜凯491,17869653727,姑苏咖喱盖饭1011,股份公司对反攻倒算3011,52252700081
杜凯492,17869653728,姑苏咖喱盖饭1012,股份公司对反攻倒算3012,52252700082
杜凯493,17869653729,姑苏咖喱盖饭1013,股份公司对反攻倒算3013,52252700083
杜凯494,17869653730,姑苏咖喱盖饭1014,股份公司对反攻倒算3014,52252700084
杜凯495,17869653731,姑苏咖喱盖饭1015,股份公司对反攻倒算3015,52252700085
杜凯496,17869653732,姑苏咖喱盖饭1016,股份公司对反攻倒算3016,52252700086
杜凯497,17869653733,姑苏咖喱盖饭1017,股份公司对反攻倒算3017,52252700087
杜凯498,17869653734,姑苏咖喱盖饭1018,股份公司对反攻倒算3018,52252700088
杜凯499,17869653735,姑苏咖喱盖饭1019,股份公司对反攻倒算3019,52252700089
杜凯500,17869653736,姑苏咖喱盖饭1020,股份公司对反攻倒算3020,52252700090
杜凯501,17869653737,姑苏咖喱盖饭1021,股份公司对反攻倒算3021,52252700091
杜凯502,17869653738,姑苏咖喱盖饭1022,股份公司对反攻倒算3022,52252700092
杜凯503,17869653739,姑苏咖喱盖饭1023,股份公司对反攻倒算3023,52252700093
杜凯504,17869653740,姑苏咖喱盖饭1024,股份公司对反攻倒算3024,52252700094
杜凯505,17869653741,姑苏咖喱盖饭1025,股份公司对反攻倒算3025,52252700095
杜凯506,17869653742,姑苏咖喱盖饭1026,股份公司对反攻倒算3026,52252700096
杜凯507,17869653743,姑苏咖喱盖饭1027,股份公司对反攻倒算3027,52252700097
杜凯508,17869653744,姑苏咖喱盖饭1028,股份公司对反攻倒算3028,52252700098
杜凯509,17869653745,姑苏咖喱盖饭1029,股份公司对反攻倒算3029,52252700099
杜凯510,17869653746,姑苏咖喱盖饭1030,股份公司对反攻倒算3030,52252700100
杜凯511,17869653747,姑苏咖喱盖饭1031,股份公司对反攻倒算3031,52252700101
杜凯512,17869653748,姑苏咖喱盖饭1032,股份公司对反攻倒算3032,52252700102
杜凯513,17869653749,姑苏咖喱盖饭1033,股份公司对反攻倒算3033,52252700103
杜凯514,17869653750,姑苏咖喱盖饭1034,股份公司对反攻倒算3034,52252700104
杜凯515,17869653751,姑苏咖喱盖饭1035,股份公司对反攻倒算3035,52252700105
杜凯516,17869653752,姑苏咖喱盖饭1036,股份公司对反攻倒算3036,52252700106
杜凯517,17869653753,姑苏咖喱盖饭1037,股份公司对反攻倒算3037,52252700107
杜凯518,17869653754,姑苏咖喱盖饭1038,股份公司对反攻倒算3038,52252700108
杜凯519,17869653755,姑苏咖喱盖饭1039,股份公司对反攻倒算3039,52252700109
杜凯520,17869653756,姑苏咖喱盖饭1040,股份公司对反攻倒算3040,52252700110
杜凯521,17869653757,姑苏咖喱盖饭1041,股份公司对反攻倒算3041,52252700111
杜凯522,17869653758,姑苏咖喱盖饭1042,股份公司对反攻倒算3042,52252700112
杜凯523,17869653759,姑苏咖喱盖饭1043,股份公司对反攻倒算3043,52252700113
杜凯524,17869653760,姑苏咖喱盖饭1044,股份公司对反攻倒算3044,52252700114
杜凯525,17869653761,姑苏咖喱盖饭1045,股份公司对反攻倒算3045,52252700115
杜凯526,17869653762,姑苏咖喱盖饭1046,股份公司对反攻倒算3046,52252700116
杜凯527,17869653763,姑苏咖喱盖饭1047,股份公司对反攻倒算3047,52252700117
杜凯528,17869653764,姑苏咖喱盖饭1048,股份公司对反攻倒算3048,52252700118
杜凯529,17869653765,姑苏咖喱盖饭1049,股份公司对反攻倒算3049,52252700119
杜凯530,17869653766,姑苏咖喱盖饭1050,股份公司对反攻倒算3050,52252700120
杜凯531,17869653767,姑苏咖喱盖饭1051,股份公司对反攻倒算3051,52252700121
杜凯532,17869653768,姑苏咖喱盖饭1052,股份公司对反攻倒算3052,52252700122
杜凯533,17869653769,姑苏咖喱盖饭1053,股份公司对反攻倒算3053,52252700123
杜凯534,17869653770,姑苏咖喱盖饭1054,股份公司对反攻倒算3054,52252700124
杜凯535,17869653771,姑苏咖喱盖饭1055,股份公司对反攻倒算3055,52252700125
杜凯536,17869653772,姑苏咖喱盖饭1056,股份公司对反攻倒算3056,52252700126
杜凯537,17869653773,姑苏咖喱盖饭1057,股份公司对反攻倒算3057,52252700127
杜凯538,17869653774,姑苏咖喱盖饭1058,股份公司对反攻倒算3058,52252700128
杜凯539,17869653775,姑苏咖喱盖饭1059,股份公司对反攻倒算3059,52252700129
杜凯540,17869653776,姑苏咖喱盖饭1060,股份公司对反攻倒算3060,52252700130
杜凯541,17869653777,姑苏咖喱盖饭1061,股份公司对反攻倒算3061,52252700131
杜凯542,17869653778,姑苏咖喱盖饭1062,股份公司对反攻倒算3062,52252700132
杜凯543,17869653779,姑苏咖喱盖饭1063,股份公司对反攻倒算3063,52252700133
杜凯544,17869653780,姑苏咖喱盖饭1064,股份公司对反攻倒算3064,52252700134
杜凯545,17869653781,姑苏咖喱盖饭1065,股份公司对反攻倒算3065,52252700135
杜凯546,17869653782,姑苏咖喱盖饭1066,股份公司对反攻倒算3066,52252700136
杜凯547,17869653783,姑苏咖喱盖饭1067,股份公司对反攻倒算3067,52252700137
杜凯548,17869653784,姑苏咖喱盖饭1068,股份公司对反攻倒算3068,52252700138
杜凯549,17869653785,姑苏咖喱盖饭1069,股份公司对反攻倒算3069,52252700139
杜凯550,17869653786,姑苏咖喱盖饭1070,股份公司对反攻倒算3070,52252700140
杜凯551,17869653787,姑苏咖喱盖饭1071,股份公司对反攻倒算3071,52252700141
杜凯552,17869653788,姑苏咖喱盖饭1072,股份公司对反攻倒算3072,52252700142
杜凯553,17869653789,姑苏咖喱盖饭1073,股份公司对反攻倒算3073,52252700143
杜凯554,17869653790,姑苏咖喱盖饭1074,股份公司对反攻倒算3074,52252700144
杜凯555,17869653791,姑苏咖喱盖饭1075,股份公司对反攻倒算3075,52252700145
杜凯556,17869653792,姑苏咖喱盖饭1076,股份公司对反攻倒算3076,52252700146
杜凯557,17869653793,姑苏咖喱盖饭1077,股份公司对反攻倒算3077,52252700147
杜凯558,17869653794,姑苏咖喱盖饭1078,股份公司对反攻倒算3078,52252700148
杜凯559,17869653795,姑苏咖喱盖饭1079,股份公司对反攻倒算3079,52252700149
杜凯560,17869653796,姑苏咖喱盖饭1080,股份公司对反攻倒算3080,52252700150
杜凯561,17869653797,姑苏咖喱盖饭1081,股份公司对反攻倒算3081,52252700151
杜凯562,17869653798,姑苏咖喱盖饭1082,股份公司对反攻倒算3082,52252700152
杜凯563,17869653799,姑苏咖喱盖饭1083,股份公司对反攻倒算3083,52252700153
杜凯564,17869653800,姑苏咖喱盖饭1084,股份公司对反攻倒算3084,52252700154
杜凯565,17869653801,姑苏咖喱盖饭1085,股份公司对反攻倒算3085,52252700155
杜凯566,17869653802,姑苏咖喱盖饭1086,股份公司对反攻倒算3086,52252700156
杜凯567,17869653803,姑苏咖喱盖饭1087,股份公司对反攻倒算3087,52252700157
杜凯568,17869653804,姑苏咖喱盖饭1088,股份公司对反攻倒算3088,52252700158
杜凯569,17869653805,姑苏咖喱盖饭1089,股份公司对反攻倒算3089,52252700159
杜凯570,17869653806,姑苏咖喱盖饭1090,股份公司对反攻倒算3090,52252700160
杜凯571,17869653807,姑苏咖喱盖饭1091,股份公司对反攻倒算3091,52252700161
杜凯572,17869653808,姑苏咖喱盖饭1092,股份公司对反攻倒算3092,52252700162
杜凯573,17869653809,姑苏咖喱盖饭1093,股份公司对反攻倒算3093,52252700163
杜凯574,17869653810,姑苏咖喱盖饭1094,股份公司对反攻倒算3094,52252700164
杜凯575,17869653811,姑苏咖喱盖饭1095,股份公司对反攻倒算3095,52252700165
杜凯576,17869653812,姑苏咖喱盖饭1096,股份公司对反攻倒算3096,52252700166
杜凯577,17869653813,姑苏咖喱盖饭1097,股份公司对反攻倒算3097,52252700167
杜凯578,17869653814,姑苏咖喱盖饭1098,股份公司对反攻倒算3098,52252700168
杜凯579,17869653815,姑苏咖喱盖饭1099,股份公司对反攻倒算3099,52252700169
杜凯580,17869653816,姑苏咖喱盖饭1100,股份公司对反攻倒算3100,52252700170
杜凯581,17869653817,姑苏咖喱盖饭1101,股份公司对反攻倒算3101,52252700171
杜凯582,17869653818,姑苏咖喱盖饭1102,股份公司对反攻倒算3102,52252700172
杜凯583,17869653819,姑苏咖喱盖饭1103,股份公司对反攻倒算3103,52252700173
杜凯584,17869653820,姑苏咖喱盖饭1104,股份公司对反攻倒算3104,52252700174
杜凯585,17869653821,姑苏咖喱盖饭1105,股份公司对反攻倒算3105,52252700175
杜凯586,17869653822,姑苏咖喱盖饭1106,股份公司对反攻倒算3106,52252700176
杜凯587,17869653823,姑苏咖喱盖饭1107,股份公司对反攻倒算3107,52252700177
杜凯588,17869653824,姑苏咖喱盖饭1108,股份公司对反攻倒算3108,52252700178
杜凯589,17869653825,姑苏咖喱盖饭1109,股份公司对反攻倒算3109,52252700179
杜凯590,17869653826,姑苏咖喱盖饭1110,股份公司对反攻倒算3110,52252700180
杜凯591,17869653827,姑苏咖喱盖饭1111,股份公司对反攻倒算3111,52252700181
杜凯592,17869653828,姑苏咖喱盖饭1112,股份公司对反攻倒算3112,52252700182
杜凯593,17869653829,姑苏咖喱盖饭1113,股份公司对反攻倒算3113,52252700183
杜凯594,17869653830,姑苏咖喱盖饭1114,股份公司对反攻倒算3114,52252700184
杜凯595,17869653831,姑苏咖喱盖饭1115,股份公司对反攻倒算3115,52252700185
杜凯596,17869653832,姑苏咖喱盖饭1116,股份公司对反攻倒算3116,52252700186
杜凯597,17869653833,姑苏咖喱盖饭1117,股份公司对反攻倒算3117,52252700187
杜凯598,17869653834,姑苏咖喱盖饭1118,股份公司对反攻倒算3118,52252700188
杜凯599,17869653835,姑苏咖喱盖饭1119,股份公司对反攻倒算3119,52252700189
杜凯600,17869653836,姑苏咖喱盖饭1120,股份公司对反攻倒算3120,52252700190
杜凯601,17869653837,姑苏咖喱盖饭1121,股份公司对反攻倒算3121,52252700191
杜凯602,17869653838,姑苏咖喱盖饭1122,股份公司对反攻倒算3122,52252700192
杜凯603,17869653839,姑苏咖喱盖饭1123,股份公司对反攻倒算3123,52252700193
杜凯604,17869653840,姑苏咖喱盖饭1124,股份公司对反攻倒算3124,52252700194
杜凯605,17869653841,姑苏咖喱盖饭1125,股份公司对反攻倒算3125,52252700195
杜凯606,17869653842,姑苏咖喱盖饭1126,股份公司对反攻倒算3126,52252700196
杜凯607,17869653843,姑苏咖喱盖饭1127,股份公司对反攻倒算3127,52252700197
杜凯608,17869653844,姑苏咖喱盖饭1128,股份公司对反攻倒算3128,52252700198
杜凯609,17869653845,姑苏咖喱盖饭1129,股份公司对反攻倒算3129,52252700199
杜凯610,17869653846,姑苏咖喱盖饭1130,股份公司对反攻倒算3130,52252700200
杜凯611,17869653847,姑苏咖喱盖饭1131,股份公司对反攻倒算3131,52252700201
杜凯612,17869653848,姑苏咖喱盖饭1132,股份公司对反攻倒算3132,52252700202
杜凯613,17869653849,姑苏咖喱盖饭1133,股份公司对反攻倒算3133,52252700203
杜凯614,17869653850,姑苏咖喱盖饭1134,股份公司对反攻倒算3134,52252700204
杜凯615,17869653851,姑苏咖喱盖饭1135,股份公司对反攻倒算3135,52252700205
杜凯616,17869653852,姑苏咖喱盖饭1136,股份公司对反攻倒算3136,52252700206
杜凯617,17869653853,姑苏咖喱盖饭1137,股份公司对反攻倒算3137,52252700207
杜凯618,17869653854,姑苏咖喱盖饭1138,股份公司对反攻倒算3138,52252700208
杜凯619,17869653855,姑苏咖喱盖饭1139,股份公司对反攻倒算3139,52252700209
杜凯620,17869653856,姑苏咖喱盖饭1140,股份公司对反攻倒算3140,52252700210
杜凯621,17869653857,姑苏咖喱盖饭1141,股份公司对反攻倒算3141,52252700211
杜凯622,17869653858,姑苏咖喱盖饭1142,股份公司对反攻倒算3142,52252700212
杜凯623,17869653859,姑苏咖喱盖饭1143,股份公司对反攻倒算3143,52252700213
杜凯624,17869653860,姑苏咖喱盖饭1144,股份公司对反攻倒算3144,52252700214
杜凯625,17869653861,姑苏咖喱盖饭1145,股份公司对反攻倒算3145,52252700215
杜凯626,17869653862,姑苏咖喱盖饭1146,股份公司对反攻倒算3146,52252700216
杜凯627,17869653863,姑苏咖喱盖饭1147,股份公司对反攻倒算3147,52252700217
杜凯628,17869653864,姑苏咖喱盖饭1148,股份公司对反攻倒算3148,52252700218
杜凯629,17869653865,姑苏咖喱盖饭1149,股份公司对反攻倒算3149,52252700219
杜凯630,17869653866,姑苏咖喱盖饭1150,股份公司对反攻倒算3150,52252700220
杜凯631,17869653867,姑苏咖喱盖饭1151,股份公司对反攻倒算3151,52252700221
杜凯632,17869653868,姑苏咖喱盖饭1152,股份公司对反攻倒算3152,52252700222
杜凯633,17869653869,姑苏咖喱盖饭1153,股份公司对反攻倒算3153,52252700223
杜凯634,17869653870,姑苏咖喱盖饭1154,股份公司对反攻倒算3154,52252700224
杜凯635,17869653871,姑苏咖喱盖饭1155,股份公司对反攻倒算3155,52252700225
杜凯636,17869653872,姑苏咖喱盖饭1156,股份公司对反攻倒算3156,52252700226
杜凯637,17869653873,姑苏咖喱盖饭1157,股份公司对反攻倒算3157,52252700227
杜凯638,17869653874,姑苏咖喱盖饭1158,股份公司对反攻倒算3158,52252700228
杜凯639,17869653875,姑苏咖喱盖饭1159,股份公司对反攻倒算3159,52252700229
杜凯640,17869653876,姑苏咖喱盖饭1160,股份公司对反攻倒算3160,52252700230
杜凯641,17869653877,姑苏咖喱盖饭1161,股份公司对反攻倒算3161,52252700231
杜凯642,17869653878,姑苏咖喱盖饭1162,股份公司对反攻倒算3162,52252700232
杜凯643,17869653879,姑苏咖喱盖饭1163,股份公司对反攻倒算3163,52252700233
杜凯644,17869653880,姑苏咖喱盖饭1164,股份公司对反攻倒算3164,52252700234
杜凯645,17869653881,姑苏咖喱盖饭1165,股份公司对反攻倒算3165,52252700235
杜凯646,17869653882,姑苏咖喱盖饭1166,股份公司对反攻倒算3166,52252700236
杜凯647,17869653883,姑苏咖喱盖饭1167,股份公司对反攻倒算3167,52252700237
杜凯648,17869653884,姑苏咖喱盖饭1168,股份公司对反攻倒算3168,52252700238
杜凯649,17869653885,姑苏咖喱盖饭1169,股份公司对反攻倒算3169,52252700239
杜凯650,17869653886,姑苏咖喱盖饭1170,股份公司对反攻倒算3170,52252700240
杜凯651,17869653887,姑苏咖喱盖饭1171,股份公司对反攻倒算3171,52252700241
杜凯652,17869653888,姑苏咖喱盖饭1172,股份公司对反攻倒算3172,52252700242
杜凯653,17869653889,姑苏咖喱盖饭1173,股份公司对反攻倒算3173,52252700243
杜凯654,17869653890,姑苏咖喱盖饭1174,股份公司对反攻倒算3174,52252700244
杜凯655,17869653891,姑苏咖喱盖饭1175,股份公司对反攻倒算3175,52252700245
杜凯656,17869653892,姑苏咖喱盖饭1176,股份公司对反攻倒算3176,52252700246
杜凯657,17869653893,姑苏咖喱盖饭1177,股份公司对反攻倒算3177,52252700247
杜凯658,17869653894,姑苏咖喱盖饭1178,股份公司对反攻倒算3178,52252700248
杜凯659,17869653895,姑苏咖喱盖饭1179,股份公司对反攻倒算3179,52252700249
杜凯660,17869653896,姑苏咖喱盖饭1180,股份公司对反攻倒算3180,52252700250
杜凯661,17869653897,姑苏咖喱盖饭1181,股份公司对反攻倒算3181,52252700251
杜凯662,17869653898,姑苏咖喱盖饭1182,股份公司对反攻倒算3182,52252700252
杜凯663,17869653899,姑苏咖喱盖饭1183,股份公司对反攻倒算3183,52252700253
杜凯664,17869653900,姑苏咖喱盖饭1184,股份公司对反攻倒算3184,52252700254
杜凯665,17869653901,姑苏咖喱盖饭1185,股份公司对反攻倒算3185,52252700255
杜凯666,17869653902,姑苏咖喱盖饭1186,股份公司对反攻倒算3186,52252700256
杜凯667,17869653903,姑苏咖喱盖饭1187,股份公司对反攻倒算3187,52252700257
杜凯668,17869653904,姑苏咖喱盖饭1188,股份公司对反攻倒算3188,52252700258
杜凯669,17869653905,姑苏咖喱盖饭1189,股份公司对反攻倒算3189,52252700259
杜凯670,17869653906,姑苏咖喱盖饭1190,股份公司对反攻倒算3190,52252700260
杜凯671,17869653907,姑苏咖喱盖饭1191,股份公司对反攻倒算3191,52252700261
杜凯672,17869653908,姑苏咖喱盖饭1192,股份公司对反攻倒算3192,52252700262
杜凯673,17869653909,姑苏咖喱盖饭1193,股份公司对反攻倒算3193,52252700263
杜凯674,17869653910,姑苏咖喱盖饭1194,股份公司对反攻倒算3194,52252700264
杜凯675,17869653911,姑苏咖喱盖饭1195,股份公司对反攻倒算3195,52252700265
杜凯676,17869653912,姑苏咖喱盖饭1196,股份公司对反攻倒算3196,52252700266
杜凯677,17869653913,姑苏咖喱盖饭1197,股份公司对反攻倒算3197,52252700267
杜凯678,17869653914,姑苏咖喱盖饭1198,股份公司对反攻倒算3198,52252700268
杜凯679,17869653915,姑苏咖喱盖饭1199,股份公司对反攻倒算3199,52252700269
杜凯680,17869653916,姑苏咖喱盖饭1200,股份公司对反攻倒算3200,52252700270
杜凯681,17869653917,姑苏咖喱盖饭1201,股份公司对反攻倒算3201,52252700271
杜凯682,17869653918,姑苏咖喱盖饭1202,股份公司对反攻倒算3202,52252700272
杜凯683,17869653919,姑苏咖喱盖饭1203,股份公司对反攻倒算3203,52252700273
杜凯684,17869653920,姑苏咖喱盖饭1204,股份公司对反攻倒算3204,52252700274
杜凯685,17869653921,姑苏咖喱盖饭1205,股份公司对反攻倒算3205,52252700275
杜凯686,17869653922,姑苏咖喱盖饭1206,股份公司对反攻倒算3206,52252700276
杜凯687,17869653923,姑苏咖喱盖饭1207,股份公司对反攻倒算3207,52252700277
杜凯688,17869653924,姑苏咖喱盖饭1208,股份公司对反攻倒算3208,52252700278
杜凯689,17869653925,姑苏咖喱盖饭1209,股份公司对反攻倒算3209,52252700279
杜凯690,17869653926,姑苏咖喱盖饭1210,股份公司对反攻倒算3210,52252700280
杜凯691,17869653927,姑苏咖喱盖饭1211,股份公司对反攻倒算3211,52252700281
杜凯692,17869653928,姑苏咖喱盖饭1212,股份公司对反攻倒算3212,52252700282
杜凯693,17869653929,姑苏咖喱盖饭1213,股份公司对反攻倒算3213,52252700283
杜凯694,17869653930,姑苏咖喱盖饭1214,股份公司对反攻倒算3214,52252700284
杜凯695,17869653931,姑苏咖喱盖饭1215,股份公司对反攻倒算3215,52252700285
杜凯696,17869653932,姑苏咖喱盖饭1216,股份公司对反攻倒算3216,52252700286
杜凯697,17869653933,姑苏咖喱盖饭1217,股份公司对反攻倒算3217,52252700287
杜凯698,17869653934,姑苏咖喱盖饭1218,股份公司对反攻倒算3218,52252700288
杜凯699,17869653935,姑苏咖喱盖饭1219,股份公司对反攻倒算3219,52252700289
杜凯700,17869653936,姑苏咖喱盖饭1220,股份公司对反攻倒算3220,52252700290
杜凯701,17869653937,姑苏咖喱盖饭1221,股份公司对反攻倒算3221,52252700291
杜凯702,17869653938,姑苏咖喱盖饭1222,股份公司对反攻倒算3222,52252700292
杜凯703,17869653939,姑苏咖喱盖饭1223,股份公司对反攻倒算3223,52252700293
杜凯704,17869653940,姑苏咖喱盖饭1224,股份公司对反攻倒算3224,52252700294
杜凯705,17869653941,姑苏咖喱盖饭1225,股份公司对反攻倒算3225,52252700295
杜凯706,17869653942,姑苏咖喱盖饭1226,股份公司对反攻倒算3226,52252700296
杜凯707,17869653943,姑苏咖喱盖饭1227,股份公司对反攻倒算3227,52252700297
杜凯708,17869653944,姑苏咖喱盖饭1228,股份公司对反攻倒算3228,52252700298
杜凯709,17869653945,姑苏咖喱盖饭1229,股份公司对反攻倒算3229,52252700299
杜凯710,17869653946,姑苏咖喱盖饭1230,股份公司对反攻倒算3230,52252700300
杜凯711,17869653947,姑苏咖喱盖饭1231,股份公司对反攻倒算3231,52252700301
杜凯712,17869653948,姑苏咖喱盖饭1232,股份公司对反攻倒算3232,52252700302
杜凯713,17869653949,姑苏咖喱盖饭1233,股份公司对反攻倒算3233,52252700303
杜凯714,17869653950,姑苏咖喱盖饭1234,股份公司对反攻倒算3234,52252700304
杜凯715,17869653951,姑苏咖喱盖饭1235,股份公司对反攻倒算3235,52252700305
杜凯716,17869653952,姑苏咖喱盖饭1236,股份公司对反攻倒算3236,52252700306
杜凯717,17869653953,姑苏咖喱盖饭1237,股份公司对反攻倒算3237,52252700307
杜凯718,17869653954,姑苏咖喱盖饭1238,股份公司对反攻倒算3238,52252700308
杜凯719,17869653955,姑苏咖喱盖饭1239,股份公司对反攻倒算3239,52252700309
杜凯720,17869653956,姑苏咖喱盖饭1240,股份公司对反攻倒算3240,52252700310
杜凯721,17869653957,姑苏咖喱盖饭1241,股份公司对反攻倒算3241,52252700311
杜凯722,17869653958,姑苏咖喱盖饭1242,股份公司对反攻倒算3242,52252700312
杜凯723,17869653959,姑苏咖喱盖饭1243,股份公司对反攻倒算3243,52252700313
杜凯724,17869653960,姑苏咖喱盖饭1244,股份公司对反攻倒算3244,52252700314
杜凯725,17869653961,姑苏咖喱盖饭1245,股份公司对反攻倒算3245,52252700315
杜凯726,17869653962,姑苏咖喱盖饭1246,股份公司对反攻倒算3246,52252700316
杜凯727,17869653963,姑苏咖喱盖饭1247,股份公司对反攻倒算3247,52252700317
杜凯728,17869653964,姑苏咖喱盖饭1248,股份公司对反攻倒算3248,52252700318
杜凯729,17869653965,姑苏咖喱盖饭1249,股份公司对反攻倒算3249,52252700319
杜凯730,17869653966,姑苏咖喱盖饭1250,股份公司对反攻倒算3250,52252700320
杜凯731,17869653967,姑苏咖喱盖饭1251,股份公司对反攻倒算3251,52252700321
杜凯732,17869653968,姑苏咖喱盖饭1252,股份公司对反攻倒算3252,52252700322
杜凯733,17869653969,姑苏咖喱盖饭1253,股份公司对反攻倒算3253,52252700323
杜凯734,17869653970,姑苏咖喱盖饭1254,股份公司对反攻倒算3254,52252700324
杜凯735,17869653971,姑苏咖喱盖饭1255,股份公司对反攻倒算3255,52252700325
杜凯736,17869653972,姑苏咖喱盖饭1256,股份公司对反攻倒算3256,52252700326
杜凯737,17869653973,姑苏咖喱盖饭1257,股份公司对反攻倒算3257,52252700327
杜凯738,17869653974,姑苏咖喱盖饭1258,股份公司对反攻倒算3258,52252700328
杜凯739,17869653975,姑苏咖喱盖饭1259,股份公司对反攻倒算3259,52252700329
杜凯740,17869653976,姑苏咖喱盖饭1260,股份公司对反攻倒算3260,52252700330
杜凯741,17869653977,姑苏咖喱盖饭1261,股份公司对反攻倒算3261,52252700331
杜凯742,17869653978,姑苏咖喱盖饭1262,股份公司对反攻倒算3262,52252700332
杜凯743,17869653979,姑苏咖喱盖饭1263,股份公司对反攻倒算3263,52252700333
杜凯744,17869653980,姑苏咖喱盖饭1264,股份公司对反攻倒算3264,52252700334
杜凯745,17869653981,姑苏咖喱盖饭1265,股份公司对反攻倒算3265,52252700335
杜凯746,17869653982,姑苏咖喱盖饭1266,股份公司对反攻倒算3266,52252700336
杜凯747,17869653983,姑苏咖喱盖饭1267,股份公司对反攻倒算3267,52252700337
杜凯748,17869653984,姑苏咖喱盖饭1268,股份公司对反攻倒算3268,52252700338
杜凯749,17869653985,姑苏咖喱盖饭1269,股份公司对反攻倒算3269,52252700339
杜凯750,17869653986,姑苏咖喱盖饭1270,股份公司对反攻倒算3270,52252700340
杜凯751,17869653987,姑苏咖喱盖饭1271,股份公司对反攻倒算3271,52252700341
杜凯752,17869653988,姑苏咖喱盖饭1272,股份公司对反攻倒算3272,52252700342
杜凯753,17869653989,姑苏咖喱盖饭1273,股份公司对反攻倒算3273,52252700343
杜凯754,17869653990,姑苏咖喱盖饭1274,股份公司对反攻倒算3274,52252700344
杜凯755,17869653991,姑苏咖喱盖饭1275,股份公司对反攻倒算3275,52252700345
杜凯756,17869653992,姑苏咖喱盖饭1276,股份公司对反攻倒算3276,52252700346
杜凯757,17869653993,姑苏咖喱盖饭1277,股份公司对反攻倒算3277,52252700347
杜凯758,17869653994,姑苏咖喱盖饭1278,股份公司对反攻倒算3278,52252700348
杜凯759,17869653995,姑苏咖喱盖饭1279,股份公司对反攻倒算3279,52252700349
杜凯760,17869653996,姑苏咖喱盖饭1280,股份公司对反攻倒算3280,52252700350
杜凯761,17869653997,姑苏咖喱盖饭1281,股份公司对反攻倒算3281,52252700351
杜凯762,17869653998,姑苏咖喱盖饭1282,股份公司对反攻倒算3282,52252700352
杜凯763,17869653999,姑苏咖喱盖饭1283,股份公司对反攻倒算3283,52252700353
杜凯764,17869654000,姑苏咖喱盖饭1284,股份公司对反攻倒算3284,52252700354
杜凯765,17869654001,姑苏咖喱盖饭1285,股份公司对反攻倒算3285,52252700355
杜凯766,17869654002,姑苏咖喱盖饭1286,股份公司对反攻倒算3286,52252700356
杜凯767,17869654003,姑苏咖喱盖饭1287,股份公司对反攻倒算3287,52252700357
杜凯768,17869654004,姑苏咖喱盖饭1288,股份公司对反攻倒算3288,52252700358
杜凯769,17869654005,姑苏咖喱盖饭1289,股份公司对反攻倒算3289,52252700359
杜凯770,17869654006,姑苏咖喱盖饭1290,股份公司对反攻倒算3290,52252700360
杜凯771,17869654007,姑苏咖喱盖饭1291,股份公司对反攻倒算3291,52252700361
杜凯772,17869654008,姑苏咖喱盖饭1292,股份公司对反攻倒算3292,52252700362
杜凯773,17869654009,姑苏咖喱盖饭1293,股份公司对反攻倒算3293,52252700363
杜凯774,17869654010,姑苏咖喱盖饭1294,股份公司对反攻倒算3294,52252700364
杜凯775,17869654011,姑苏咖喱盖饭1295,股份公司对反攻倒算3295,52252700365
杜凯776,17869654012,姑苏咖喱盖饭1296,股份公司对反攻倒算3296,52252700366
杜凯777,17869654013,姑苏咖喱盖饭1297,股份公司对反攻倒算3297,52252700367
杜凯778,17869654014,姑苏咖喱盖饭1298,股份公司对反攻倒算3298,52252700368
杜凯779,17869654015,姑苏咖喱盖饭1299,股份公司对反攻倒算3299,52252700369
杜凯780,17869654016,姑苏咖喱盖饭1300,股份公司对反攻倒算3300,52252700370
杜凯781,17869654017,姑苏咖喱盖饭1301,股份公司对反攻倒算3301,52252700371
杜凯782,17869654018,姑苏咖喱盖饭1302,股份公司对反攻倒算3302,52252700372
杜凯783,17869654019,姑苏咖喱盖饭1303,股份公司对反攻倒算3303,52252700373
杜凯784,17869654020,姑苏咖喱盖饭1304,股份公司对反攻倒算3304,52252700374
杜凯785,17869654021,姑苏咖喱盖饭1305,股份公司对反攻倒算3305,52252700375
杜凯786,17869654022,姑苏咖喱盖饭1306,股份公司对反攻倒算3306,52252700376
杜凯787,17869654023,姑苏咖喱盖饭1307,股份公司对反攻倒算3307,52252700377
杜凯788,17869654024,姑苏咖喱盖饭1308,股份公司对反攻倒算3308,52252700378
杜凯789,17869654025,姑苏咖喱盖饭1309,股份公司对反攻倒算3309,52252700379
杜凯790,17869654026,姑苏咖喱盖饭1310,股份公司对反攻倒算3310,52252700380
杜凯791,17869654027,姑苏咖喱盖饭1311,股份公司对反攻倒算3311,52252700381
杜凯792,17869654028,姑苏咖喱盖饭1312,股份公司对反攻倒算3312,52252700382
杜凯793,17869654029,姑苏咖喱盖饭1313,股份公司对反攻倒算3313,52252700383
杜凯794,17869654030,姑苏咖喱盖饭1314,股份公司对反攻倒算3314,52252700384
杜凯795,17869654031,姑苏咖喱盖饭1315,股份公司对反攻倒算3315,52252700385
杜凯796,17869654032,姑苏咖喱盖饭1316,股份公司对反攻倒算3316,52252700386
杜凯797,17869654033,姑苏咖喱盖饭1317,股份公司对反攻倒算3317,52252700387
